1,28,8,2024-09-18,2024-03-03
2,94,46,2024-07-28,2024-07-06
3,80,2,2024-06-22,2024-04-25
4,52,31,2024-08-13,2024-02-17
5,16,58,2024-02-26,2024-08-17
6,16,92,2024-07-26,2024-09-21
7,81,30,2024-02-18,2024-03-28
8,67,15,2024-08-20,2024-02-11
9,34,78,2024-04-27,2024-03-21
10,25,42,2024-06-25,2024-01-03
11,72,24,2024-06-06,2024-06-30
12,39,91,2024-02-02,2024-02-17
13,23,23,2024-07-19,2024-09-02
14,80,55,2024-08-26,2024-04-22
15,68,29,2024-03-20,2024-09-09
16,5,87,2024-06-16,2024-03-11
17,20,96,2024-01-14,2024-04-03
18,43,10,2024-07-15,2024-04-06
19,14,83,2024-03-29,2024-06-21
20,59,62,2024-07-25,2024-05-11
21,53,86,2024-07-31,2024-01-20
22,28,21,2024-01-16,2024-03-12
23,58,61,2024-06-24,2024-08-02
24,66,32,2024-09-22,2024-01-24
25,57,21,2024-07-12,2024-03-06
26,43,48,2024-01-03,2024-08-18
27,14,54,2024-03-27,2024-01-14
28,74,29,2024-06-28,2024-02-26
29,25,22,2024-08-11,2024-02-08
30,70,65,2024-08-08,2024-08-03
31,41,60,2024-04-12,2024-05-25
32,19,19,2024-03-22,2024-03-23
33,7,14,2024-09-15,2024-06-03
34,14,49,2024-02-10,2024-07-22
35,46,71,2024-04-09,2024-07-23
36,61,75,2024-07-09,2024-07-14
37,6,32,2024-05-22,2024-08-16
38,5,8,2024-08-10,2024-02-17
39,26,85,2024-07-25,2024-05-09
40,50,68,2024-04-24,2024-01-17
41,11,91,2024-05-28,2024-01-11
42,76,78,2024-08-20,2024-09-21
43,37,54,2024-05-08,2024-06-23
44,80,77,2024-01-19,2024-02-08
45,68,64,2024-07-03,2024-04-08
46,53,75,2024-05-17,2024-06-24
47,36,9,2024-09-23,2024-06-29
48,59,93,2024-05-06,2024-08-05
49,46,76,2024-01-18,2024-02-18
50,56,31,2024-03-11,2024-01-22
51,56,3,2024-02-13,2024-08-24
52,3,52,2024-02-06,2024-05-17
53,78,68,2024-08-06,2024-04-27
54,97,12,2024-08-02,2024-07-30
55,90,72,2024-07-27,2024-02-20
56,32,42,2024-02-01,2024-06-09
57,95,42,2024-07-07,2024-08-31
58,91,14,2024-09-05,2024-01-20
59,72,80,2024-04-20,2024-01-17
60,74,86,2024-01-24,2024-03-15
61,35,47,2024-04-05,2024-04-09
62,79,86,2024-04-17,2024-07-27
63,61,57,2024-05-14,2024-06-03
64,57,79,2024-06-15,2024-08-06
65,53,42,2024-05-21,2024-08-08
66,18,8,2024-02-22,2024-01-03
67,19,63,2024-09-17,2024-09-21
68,46,69,2024-07-21,2024-05-25
69,42,47,2024-08-31,2024-09-21
70,56,81,2024-05-08,2024-01-05
71,58,76,2024-03-12,2024-07-05
72,58,96,2024-04-18,2024-03-24
73,88,29,2024-04-12,2024-04-28
74,84,26,2024-03-24,2024-08-22
75,52,12,2024-05-19,2024-05-14
76,65,93,2024-07-12,2024-07-18
77,98,32,2024-01-31,2024-02-17
78,8,45,2024-09-10,2024-08-28
79,98,40,2024-02-07,2024-02-09
80,39,54,2024-07-13,2024-01-27
81,20,64,2024-05-29,2024-01-13
82,28,75,2024-07-21,2024-03-15
83,96,69,2024-07-22,2024-01-11
84,16,42,2024-02-10,2024-01-24
85,41,35,2024-07-30,2024-08-06
86,28,10,2024-06-04,2024-07-02
87,25,56,2024-07-22,2024-03-16
88,8,23,2024-01-02,2024-07-22
89,69,42,2024-03-15,2024-02-25
90,19,75,2024-03-06,2024-02-07
91,96,53,2024-01-18,2024-08-17
92,73,17,2024-08-10,2024-08-17
93,7,35,2024-01-10,2024-06-25
94,61,78,2024-07-06,2024-04-24
95,78,39,2024-05-04,2024-03-05
96,70,22,2024-04-18,2024-04-14
97,34,2,2024-07-31,2024-09-20
98,31,28,2024-06-11,2024-02-21
99,67,98,2024-06-04,2024-07-27
100,62,4,2024-06-23,2024-06-26
